Name,Platform,Year_of_Release,Genre,NA_sales,EU_sales,JP_sales,Other_sales,Critic_Score,User_Score,Rating
Soul Nomad & the World Eaters,PS2,2007.0,Role-Playing,0.14,0.11,0.0,0.04,,,
Crash of the Titans,PSP,2007.0,Action,0.25,0.24,0.0,0.14,,7.1,E10+
Racquet Sports,PS3,2010.0,Sports,0.11,0.17,0.0,0.06,45.0,4.3,E
Syphon Filter: Dark Mirror,PSP,2006.0,Shooter,0.26,0.01,0.0,0.03,87.0,9,M
Codename: Kids Next Door: Game Boy Advance Video Volume 1,GBA,2004.0,Misc,0.12,0.05,0.0,0.0,,,
Castlevania: Portrait of Ruin,DS,2006.0,Platform,0.31,0.02,0.04,0.03,85.0,8.3,T
NHL Powerplay 98,PS,1997.0,Sports,0.03,0.02,0.0,0.0,,,
DreamWorks Super Star Kartz,PS3,2011.0,Racing,0.06,0.03,0.0,0.02,,tbd,E
Micro Machines V4,PS2,2006.0,Racing,0.01,0.0,0.0,0.0,64.0,6.8,E
Lord of Apocalypse,PSP,2011.0,Role-Playing,0.0,0.0,0.1,0.0,,,
InuYasha: Secret of the Divine Jewel,DS,2007.0,Role-Playing,0.09,0.0,0.0,0.01,46.0,7.6,E10+
Hyperdimension Neptunia Victory II,PS4,2015.0,Role-Playing,0.0,0.0,0.04,0.0,,,
Imagine: Party Planner,DS,2009.0,Simulation,0.05,0.0,0.0,0.0,,tbd,E
Aegis of Earth: Protonovus Assault,PS4,2016.0,Action,0.02,0.0,0.0,0.0,57.0,7.8,T
Psychic Detective,PS,1995.0,Adventure,0.01,0.0,0.0,0.0,,,
Xbox Music Mixer,XB,2003.0,Misc,0.26,0.08,0.0,0.01,49.0,tbd,E
Kirby: Mass Attack,DS,2011.0,Platform,0.48,0.06,0.41,0.05,83.0,8.6,E
F1 2001,PS2,2001.0,Racing,0.07,0.06,0.0,0.02,83.0,8.3,E
World of Warcraft: Legion,PC,2016.0,Role-Playing,0.13,0.16,0.0,0.03,88.0,7.5,T
Toriko: Gourmet Monsters!,3DS,2012.0,Role-Playing,0.0,0.0,0.16,0.0,,,
Rampage: Total Destruction,PS2,2006.0,Action,0.18,0.14,0.0,0.05,51.0,7,E10+
Hero Bank,3DS,2014.0,Role-Playing,0.0,0.0,0.07,0.0,,,
Vietcong: Purple Haze,PS2,2004.0,Shooter,0.09,0.07,0.0,0.02,48.0,4.3,M
International Superstar Soccer 64 (weekly JP sales),N64,1997.0,Sports,0.0,0.0,0.05,0.05,,,
Hayate no Gotoku! Ojousama Produce Daisakusen Boku Iro ni Somare! Oyashiki-Hen,DS,2008.0,Simulation,0.0,0.0,0.03,0.0,,,
Sumikko Gurashi: Koko ga Ochitsukundesu,3DS,2014.0,Action,0.0,0.0,0.17,0.0,,,
World Series of Poker: Tournament of Champions 2007 Edition,PS2,2006.0,Misc,0.02,0.01,0.0,0.0,,,
Littlest Pet Shop: Garden,DS,2008.0,Simulation,0.31,0.23,0.0,0.06,,tbd,E
Dream Salon,Wii,2009.0,Misc,0.05,0.0,0.0,0.0,,tbd,E
Skylanders: Trap Team,PS4,2014.0,Action,0.19,0.18,0.0,0.07,78.0,5.6,E10+
Saban's Power Rangers: Lightspeed Rescue,PS,2000.0,Action,0.19,0.13,0.0,0.02,,,
Street Hoops,XB,2002.0,Sports,0.21,0.06,0.0,0.01,58.0,8,T
Eternal Sonata,PS3,2008.0,Role-Playing,0.19,0.12,0.07,0.05,80.0,7.8,T
Metal Gear Solid V: The Definitive Experience,XOne,2016.0,Action,0.01,0.0,0.0,0.0,,tbd,M
Lock's Quest,DS,2008.0,Strategy,0.08,0.0,0.0,0.01,80.0,8.7,E
Battlezone,PSP,2006.0,Shooter,0.02,0.0,0.0,0.0,57.0,tbd,E10+
Guitar Hero: World Tour,PC,2009.0,Misc,0.0,0.03,0.0,0.01,,7.8,T
Populous: The Beginning,PS,1998.0,Strategy,0.05,0.04,0.0,0.01,,,
Robotics;Notes,PSV,2014.0,Adventure,0.0,0.0,0.02,0.0,,,
Nectaris: Military Madness,PS,1998.0,Strategy,0.02,0.01,0.0,0.0,,,
Max Payne 2: The Fall of Max Payne,PS2,2003.0,Shooter,0.65,0.51,0.0,0.17,73.0,8.2,M
Making History: The Great War,Wii,2010.0,Strategy,0.0,0.0,0.15,0.0,,,
DC Universe Online,PS3,2011.0,Role-Playing,0.35,0.11,0.0,0.06,67.0,7.4,T
Katekyoo Hitman Reborn! DS: Bongole Shiki Taisen Battle Sugoroku,DS,2008.0,Misc,0.0,0.0,0.05,0.0,,,
Final Fantasy Crystal Chronicles: Echoes of Time,DS,2009.0,Role-Playing,0.12,0.06,0.27,0.02,75.0,7.3,E10+
Gensou Suikoden I & II,PSP,2006.0,Role-Playing,0.0,0.0,0.03,0.0,,,
Monster Jam: Urban Assault,PS2,2008.0,Racing,0.06,0.05,0.0,0.02,,tbd,E
Tokyo Xtreme Racer,DC,1999.0,Racing,0.0,0.0,0.17,0.0,,,
Apache: Air Assault,PS3,2010.0,Simulation,0.11,0.06,0.0,0.03,66.0,6.1,T
Riding Stables: The Whitakers present Milton and Friends,3DS,2011.0,Sports,0.0,0.04,0.0,0.0,,,
